{
	"parent": "item/handheld",
	"textures": {
		"layer0": "items/diamond_hoe"
	},
	"overrides": [
		{ "predicate": {"damaged": 0, "damage": 0.0006402048655569782}, "model": "item/trader_menu/blank"},
		{ "predicate": {"damaged": 0, "damage": 0.0012804097311139564}, "model": "item/trader_menu/back"},
		{ "predicate": {"damaged": 0, "damage": 0.0019206145966709346}, "model": "item/trader_menu/buy"},
		{ "predicate": {"damaged": 0, "damage": 0.002560819462227913}, "model": "item/trader_menu/cancel"},
		{ "predicate": {"damaged": 0, "damage": 0.003201024327784891}, "model": "item/trader_menu/confirmgreyed"},
		{ "predicate": {"damaged": 0, "damage": 0.0038412291933418692}, "model": "item/trader_menu/confirmpossible"},
		{ "predicate": {"damaged": 0, "damage": 0.004481434058898847}, "model": "item/trader_menu/down"},
		{ "predicate": {"damaged": 0, "damage": 0.005121638924455826}, "model": "item/trader_menu/loss"},
		{ "predicate": {"damaged": 0, "damage": 0.005761843790012804}, "model": "item/trader_menu/next"},
		{ "predicate": {"damaged": 0, "damage": 0.006402048655569782}, "model": "item/trader_menu/profit"},
		{ "predicate": {"damaged": 0, "damage": 0.00704225352112676}, "model": "item/trader_menu/refresh"},
		{ "predicate": {"damaged": 0, "damage": 0.0076824583866837385}, "model": "item/trader_menu/sell"},
		{ "predicate": {"damaged": 0, "damage": 0.008322663252240717}, "model": "item/trader_menu/up"},
		{ "predicate": {"damaged": 0, "damage": 0.008962868117797694}, "model": "item/trader_menu/blank"},
		{ "predicate": {"damaged": 0, "damage": 0.009603072983354673}, "model": "item/trader_menu/blank"},
		{ "predicate": {"damaged": 0, "damage": 0.010243277848911651}, "model": "item/trader_menu/blank"},
		{ "predicate": {"damaged": 0, "damage": 0.01088348271446863}, "model": "item/trader_menu/blank"},
		{ "predicate": {"damaged": 0, "damage": 0.011523687580025609}, "model": "item/trader_menu/blank"},
		{ "predicate": {"damaged": 0, "damage": 0.012163892445582586}, "model": "item/trader_menu/blank"},
		{ "predicate": {"damaged": 0, "damage": 0.012804097311139564}, "model": "item/trader_menu/blank"},
		{ "predicate": {"damaged": 0, "damage": 0.013444302176696543}, "model": "item/trader_menu/blank"},
		{ "predicate": {"damaged": 0, "damage": 0.01408450704225352}, "model": "item/trader_menu/blank"},
		{ "predicate": {"damaged": 0, "damage": 0.014724711907810498}, "model": "item/trader_menu/blank"},
		{ "predicate": {"damaged": 0, "damage": 0.015364916773367477}, "model": "item/trader_menu/blank"},
		{ "predicate": {"damaged": 0, "damage": 0.016005121638924456}, "model": "item/trader_menu/blank"},
		{ "predicate": {"damaged": 0, "damage": 0.016645326504481434}, "model": "item/trader_menu/blank"},
    	{ "predicate": {"damaged": 0, "damage": 0.017285531370038413}, "model": "item/trader_menu/blank"},
    	{ "predicate": {"damaged": 0, "damage": 0.01792573623559539}, "model": "item/trader_menu/blank"},
    	{ "predicate": {"damaged": 0, "damage": 0.01856594110115237}, "model": "item/trader_menu/blank"},
    	{ "predicate": {"damaged": 0, "damage": 0.019206145966709345}, "model": "item/trader_menu/blank"},
    	{ "predicate": {"damaged": 0, "damage": 0.019846350832266324}, "model": "item/trader_menu/blank"},
    	{ "predicate": {"damaged": 0, "damage": 0.020486555697823303}, "model": "item/trader_menu/blank"},
    	{ "predicate": {"damaged": 0, "damage": 0.02112676056338028}, "model": "item/trader_menu/blank"},
    	{ "predicate": {"damaged": 0, "damage": 0.02176696542893726}, "model": "item/trader_menu/blank"},
    	{ "predicate": {"damaged": 0, "damage": 0.02240717029449424}, "model": "item/trader_menu/blank"},
    	{ "predicate": {"damaged": 0, "damage": 0.023047375160051217}, "model": "item/trader_menu/blank"},
    	{ "predicate": {"damaged": 0, "damage": 0.023687580025608196}, "model": "item/trader_menu/blank"},
    	{ "predicate": {"damaged": 0, "damage": 0.024327784891165175}, "model": "item/trader_menu/blank"},
    	{ "predicate": {"damaged": 0, "damage": 0.02496798975672215}, "model": "item/trader_menu/blank"},
		{ "predicate": {"damaged": 1, "damage": 0}, "model": "item/diamond_hoe"}
	]
}